<?xml version="1.0" encoding="UTF-8"?>
<BA_CLACON_FILE>
	<TableName TableName="BA_CLACON" FieldsNumber="9.0" AUTONUM="0.0" AUTOKEY="" AUTOTAB="">
		<Types CCTIPCON = "N" CCCODICE = "C" CCDESCRI = "C" CCFLGART = "N" FLACTIVE = "N" DTINIVAL = "D" DTENDVAL = "D" CCCODAZI = "C" CPCCCHK = "C" />
		<Record>
			<Keys CCTIPCON = "1" CCCODICE = "CCA" />
			<Fields CCDESCRI = "Classe Contropartita Articolo" CCFLGART = "0" FLACTIVE = "1" DTINIVAL = "1900-01-01 00:00:00.0" DTENDVAL = "2900-12-31 00:00:00.0" CCCODAZI = "" CPCCCHK = "xkwfkkucdt" />
		</Record>
		<Record>
			<Keys CCTIPCON = "3" CCCODICE = "CCD" />
			<Fields CCDESCRI = "Classe contropartita documento" CCFLGART = "0" FLACTIVE = "1" DTINIVAL = "1900-01-01 00:00:00.0" DTENDVAL = "2900-12-31 00:00:00.0" CCCODAZI = "" CPCCCHK = "osalgkmnht" />
		</Record>
	</TableName>
</BA_CLACON_FILE>
