<?xml version="1.0" encoding="UTF-8"?>
<BA_CATEGORIES_FILE>
  <TableName TableName="BA_CATEGORIES" FieldsNumber="16.0" AUTONUM="0.0" AUTOKEY="" AUTOTAB="">
    <Types CAID = "C" CADESCRI = "C" CAMACRO = "C" CAPARENTID = "C" CAPATH = "M" CAPATHDESCRI = "M" CAFLGSEARCH = "C" CANOTES = "M" CACREATEBY = "N" CACREATEDATE = "D" CALASTMODIFY = "D" CAMODIFYBY = "N" FLACTIVE = "N" DTINIVAL = "D" DTENDVAL = "D" CPCCCHK = "C" />
    <Record>
      <Keys CAID = "CATCLIENTI" />
      <Fields CADESCRI = "Categoria Clienti" CAMACRO = "CATEGORY" CAPARENTID = "" CAPATH = "//CATCLIENTI/" CAPATHDESCRI = "//" CAFLGSEARCH = "S" CANOTES = "" CACREATEBY = "1" CACREATEDATE = "2014-09-12 09:50:34.0" CALASTMODIFY = "2014-09-12 09:51:25.0" CAMODIFYBY = "1" FLACTIVE = "1" DTINIVAL = "1900-01-01 00:00:00.0" DTENDVAL = "2900-12-31 00:00:00.0" CPCCCHK = "bcykzjbohv" />
    </Record>
    <Record>
      <Keys CAID = "CLASSCLIENTI" />
      <Fields CADESCRI = "Classificazione Clienti" CAMACRO = "CATEGORY" CAPARENTID = "" CAPATH = "//CLASSCLIENTI/" CAPATHDESCRI = "//" CAFLGSEARCH = "S" CANOTES = "" CACREATEBY = "1" CACREATEDATE = "2014-09-12 09:51:18.0" CALASTMODIFY = "2014-09-12 09:51:18.0" CAMODIFYBY = "1" FLACTIVE = "1" DTINIVAL = "1900-01-01 00:00:00.0" DTENDVAL = "2900-12-31 00:00:00.0" CPCCCHK = "opatlhzkdq" />
    </Record>
    <Record>
      <Keys CAID = "AREAVENCLIENTI" />
      <Fields CADESCRI = "Area di vendita" CAMACRO = "CATEGORY" CAPARENTID = "" CAPATH = "//AREAVENCLIENTI/" CAPATHDESCRI = "//" CAFLGSEARCH = "S" CANOTES = "" CACREATEBY = "1" CACREATEDATE = "2014-09-12 09:51:18.0" CALASTMODIFY = "2014-09-12 09:51:18.0" CAMODIFYBY = "1" FLACTIVE = "1" DTINIVAL = "1900-01-01 00:00:00.0" DTENDVAL = "2900-12-31 00:00:00.0" CPCCCHK = "lkjtlhzkdq" />
    </Record>
    <Record>
      <Keys CAID = "CATPROVCLIENTI" />
      <Fields CADESCRI = "Categoria provvigionale" CAMACRO = "CATEGORY" CAPARENTID = "" CAPATH = "//CATPROVCLIENTI/" CAPATHDESCRI = "//" CAFLGSEARCH = "S" CANOTES = "" CACREATEBY = "1" CACREATEDATE = "2014-09-12 09:51:18.0" CALASTMODIFY = "2014-09-12 09:51:18.0" CAMODIFYBY = "1" FLACTIVE = "1" DTINIVAL = "1900-01-01 00:00:00.0" DTENDVAL = "2900-12-31 00:00:00.0" CPCCCHK = "lkjtlhjhgq" />
    </Record>
    <Record>
      <Keys CAID = "CATFORNITORI" />
      <Fields CADESCRI = "Categoria Fornitori" CAMACRO = "CATEGORY" CAPARENTID = "" CAPATH = "//CATFORNITORI/" CAPATHDESCRI = "//" CAFLGSEARCH = "S" CANOTES = "" CACREATEBY = "1" CACREATEDATE = "2014-09-12 09:50:34.0" CALASTMODIFY = "2014-09-12 09:51:25.0" CAMODIFYBY = "1" FLACTIVE = "1" DTINIVAL = "1900-01-01 00:00:00.0" DTENDVAL = "2900-12-31 00:00:00.0" CPCCCHK = "bcetrsbohv" />
    </Record>
    <Record>
      <Keys CAID = "CLASSFORNITORI" />
      <Fields CADESCRI = "Classificazione Fornitori" CAMACRO = "CATEGORY" CAPARENTID = "" CAPATH = "//CLASSFORNITORI/" CAPATHDESCRI = "//" CAFLGSEARCH = "S" CANOTES = "" CACREATEBY = "1" CACREATEDATE = "2014-09-12 09:51:18.0" CALASTMODIFY = "2014-09-12 09:51:18.0" CAMODIFYBY = "1" FLACTIVE = "1" DTINIVAL = "1900-01-01 00:00:00.0" DTENDVAL = "2900-12-31 00:00:00.0" CPCCCHK = "ophgfdzkdq" />
    </Record>
  </TableName>
</BA_CATEGORIES_FILE>
