<?xml version="1.0" encoding="UTF-8"?>
<BA_TIPPAGA_FILE>
	<TableName TableName="BA_TIPPAGA" FieldsNumber="9.0" AUTONUM="0.0" AUTOKEY="" AUTOTAB="">
		<Types TPCODPAG = "C" TPDESPAG = "C" TPCATPAG = "C" TPGIORIS = "N" TPFLNOESC = "N" DTINIVAL = "D" DTENDVAL = "D" FLACTIVE = "N" CPCCCHK = "C" />
		<Record>
			<Keys TPCODPAG = "AB" />
			<Fields TPDESPAG = "Assegno bancario" TPCATPAG = "ASB" TPGIORIS = "0" TPFLNOESC = "0" DTINIVAL = "1900-01-01 00:00:00.0" DTENDVAL = "2900-12-31 00:00:00.0" FLACTIVE = "1" CPCCCHK = "ayvzjcuxaw" />
		</Record>
		<Record>
			<Keys TPCODPAG = "ABESTERO" />
			<Fields TPDESPAG = "Assegno bancario estero" TPCATPAG = "ASB" TPGIORIS = "0" TPFLNOESC = "0" DTINIVAL = "1900-01-01 00:00:00.0" DTENDVAL = "2900-12-31 00:00:00.0" FLACTIVE = "1" CPCCCHK = "dnipqvafte" />
		</Record>
		<Record>
			<Keys TPCODPAG = "AC" />
			<Fields TPDESPAG = "Assegno circolare" TPCATPAG = "ASC" TPGIORIS = "0" TPFLNOESC = "0" DTINIVAL = "1900-01-01 00:00:00.0" DTENDVAL = "2900-12-31 00:00:00.0" FLACTIVE = "1" CPCCCHK = "kpwmzhllmz" />
		</Record>
		<Record>
			<Keys TPCODPAG = "BOLLBANC" />
			<Fields TPDESPAG = "Bollettino bancario" TPCATPAG = "RDI" TPGIORIS = "0" TPFLNOESC = "0" DTINIVAL = "1900-01-01 00:00:00.0" DTENDVAL = "2900-12-31 00:00:00.0" FLACTIVE = "1" CPCCCHK = "wsayszrytu" />
		</Record>
		<Record>
			<Keys TPCODPAG = "BOLLPOST" />
			<Fields TPDESPAG = "Bollettino postale" TPCATPAG = "RDI" TPGIORIS = "0" TPFLNOESC = "0" DTINIVAL = "1900-01-01 00:00:00.0" DTENDVAL = "2900-12-31 00:00:00.0" FLACTIVE = "1" CPCCCHK = "fnhsdqsryj" />
		</Record>
		<Record>
			<Keys TPCODPAG = "BON" />
			<Fields TPDESPAG = "Bonifico" TPCATPAG = "BON" TPGIORIS = "0" TPFLNOESC = "0" DTINIVAL = "1900-01-01 00:00:00.0" DTENDVAL = "2900-12-31 00:00:00.0" FLACTIVE = "1" CPCCCHK = "gxwhhwljbw" />
		</Record>
		<Record>
			<Keys TPCODPAG = "BONESTERO" />
			<Fields TPDESPAG = "Bonifico estero" TPCATPAG = "BON" TPGIORIS = "0" TPFLNOESC = "0" DTINIVAL = "1900-01-01 00:00:00.0" DTENDVAL = "2900-12-31 00:00:00.0" FLACTIVE = "1" CPCCCHK = "kbyilqgejx" />
		</Record>
		<Record>
			<Keys TPCODPAG = "CAMBIALE" />
			<Fields TPDESPAG = "Cambiale" TPCATPAG = "PAG" TPGIORIS = "0" TPFLNOESC = "0" DTINIVAL = "1900-01-01 00:00:00.0" DTENDVAL = "2900-12-31 00:00:00.0" FLACTIVE = "1" CPCCCHK = "euoclsavjn" />
		</Record>
		<Record>
			<Keys TPCODPAG = "CARTACRED" />
			<Fields TPDESPAG = "Carta di credito" TPCATPAG = "CCR" TPGIORIS = "0" TPFLNOESC = "0" DTINIVAL = "1900-01-01 00:00:00.0" DTENDVAL = "2900-12-31 00:00:00.0" FLACTIVE = "1" CPCCCHK = "bkzvabydwj" />
		</Record>
		<Record>
			<Keys TPCODPAG = "CONT" />
			<Fields TPDESPAG = "Contante" TPCATPAG = "RDI" TPGIORIS = "0" TPFLNOESC = "0" DTINIVAL = "1900-01-01 00:00:00.0" DTENDVAL = "2900-12-31 00:00:00.0" FLACTIVE = "1" CPCCCHK = "lnivmakggu" />
		</Record>
		<Record>
			<Keys TPCODPAG = "CONTRASS" />
			<Fields TPDESPAG = "Contrassegno" TPCATPAG = "RDI" TPGIORIS = "0" TPFLNOESC = "0" DTINIVAL = "1900-01-01 00:00:00.0" DTENDVAL = "2900-12-31 00:00:00.0" FLACTIVE = "1" CPCCCHK = "jjxwpqylyk" />
		</Record>
		<Record>
			<Keys TPCODPAG = "FACTORING" />
			<Fields TPDESPAG = "Factoring" TPCATPAG = "RDI" TPGIORIS = "0" TPFLNOESC = "0" DTINIVAL = "1900-01-01 00:00:00.0" DTENDVAL = "2900-12-31 00:00:00.0" FLACTIVE = "1" CPCCCHK = "cjgrqybyfb" />
		</Record>
		<Record>
			<Keys TPCODPAG = "LETTCRED" />
			<Fields TPDESPAG = "Lettera di Credito" TPCATPAG = "RDI" TPGIORIS = "0" TPFLNOESC = "0" DTINIVAL = "1900-01-01 00:00:00.0" DTENDVAL = "2900-12-31 00:00:00.0" FLACTIVE = "1" CPCCCHK = "eskcsoizqy" />
		</Record>
		<Record>
			<Keys TPCODPAG = "MAV" />
			<Fields TPDESPAG = "MAV" TPCATPAG = "MAV" TPGIORIS = "0" TPFLNOESC = "0" DTINIVAL = "1900-01-01 00:00:00.0" DTENDVAL = "2900-12-31 00:00:00.0" FLACTIVE = "1" CPCCCHK = "itdwwwckev" />
		</Record>
		<Record>
			<Keys TPCODPAG = "RB" />
			<Fields TPDESPAG = "Ricevuta bancaria" TPCATPAG = "RBA" TPGIORIS = "0" TPFLNOESC = "0" DTINIVAL = "1900-01-01 00:00:00.0" DTENDVAL = "2900-12-31 00:00:00.0" FLACTIVE = "1" CPCCCHK = "gzumszmagw" />
		</Record>
		<Record>
			<Keys TPCODPAG = "RD" />
			<Fields TPDESPAG = "Rimessa diretta" TPCATPAG = "RDI" TPGIORIS = "0" TPFLNOESC = "0" DTINIVAL = "1900-01-01 00:00:00.0" DTENDVAL = "2900-12-31 00:00:00.0" FLACTIVE = "1" CPCCCHK = "kcwifwfjhj" />
		</Record>
		<Record>
			<Keys TPCODPAG = "RID" />
			<Fields TPDESPAG = "RID" TPCATPAG = "RID" TPGIORIS = "0" TPFLNOESC = "0" DTINIVAL = "1900-01-01 00:00:00.0" DTENDVAL = "2900-12-31 00:00:00.0" FLACTIVE = "1" CPCCCHK = "unntplzkpi" />
		</Record>
		<Record>
			<Keys TPCODPAG = "VAGLIAINT" />
			<Fields TPDESPAG = "Vaglia internazionale" TPCATPAG = "RDI" TPGIORIS = "0" TPFLNOESC = "0" DTINIVAL = "1900-01-01 00:00:00.0" DTENDVAL = "2900-12-31 00:00:00.0" FLACTIVE = "1" CPCCCHK = "oqtlhlirin" />
		</Record>
		<Record>
			<Keys TPCODPAG = "VAGLIANAZ" />
			<Fields TPDESPAG = "Vaglia nazionale" TPCATPAG = "RDI" TPGIORIS = "0" TPFLNOESC = "0" DTINIVAL = "1900-01-01 00:00:00.0" DTENDVAL = "2900-12-31 00:00:00.0" FLACTIVE = "1" CPCCCHK = "zdovxgrafq" />
		</Record>
		<Record>
			<Keys TPCODPAG = "VAGLIAPOST" />
			<Fields TPDESPAG = "Vaglia postale" TPCATPAG = "RDI" TPGIORIS = "0" TPFLNOESC = "0" DTINIVAL = "1900-01-01 00:00:00.0" DTENDVAL = "2900-12-31 00:00:00.0" FLACTIVE = "1" CPCCCHK = "eomhfgepuc" />
		</Record>
		<Record>
			<Keys TPCODPAG = "VISTA" />
			<Fields TPDESPAG = "Vista fattura" TPCATPAG = "RDI" TPGIORIS = "0" TPFLNOESC = "0" DTINIVAL = "1900-01-01 00:00:00.0" DTENDVAL = "2900-12-31 00:00:00.0" FLACTIVE = "1" CPCCCHK = "vcfdtiqphv" />
		</Record>
	</TableName>
</BA_TIPPAGA_FILE>
